spec,name,from,x,errors,encoded
"classroom-reference","CheckAccess_d2","CheckAccess","c","","true"
"classroom-reference","CheckAccess_d3","CheckAccess","c","","true"
"classroom-reference","CheckAccess_dg","CheckAccess","c","","true"
"classroom-reference","CheckAccess_dc","CheckAccess","c","","true"
"classroom-reference","AddStudent_d2","AddStudent","sid","","true"
"classroom-reference","AddStudent_d3","AddStudent","sid","","true"
"classroom-reference","AddStudent_dg","AddStudent","sid","","true"
"classroom-reference","AddStudent_dc","AddStudent","sid","","true"
"classroom-reference","UpdateStudent_d2","UpdateStudent","sid","","true"
"classroom-reference","UpdateStudent_d3","UpdateStudent","sid","","true"
"classroom-reference","UpdateStudent_dg","UpdateStudent","sid","","true"
"classroom-reference","UpdateStudent_dc","UpdateStudent","sid","","true"
"classroom-reference","DeleteStudent_d2","DeleteStudent","sid","","true"
"classroom-reference","DeleteStudent_d3","DeleteStudent","sid","","true"
"classroom-reference","DeleteStudent_dg","DeleteStudent","sid","","true"
"classroom-reference","DeleteStudent_dc","DeleteStudent","sid","","true"
"classroom-reference","QueryStudent_d2","QueryStudent","sid","","true"
"classroom-reference","QueryStudent_d3","QueryStudent","sid","","true"
"classroom-reference","QueryStudent_dg","QueryStudent","sid","","true"
"classroom-reference","QueryStudent_dc","QueryStudent","sid","","true"
"classroom-reference","AddClass_d2","AddClass","cid","","true"
"classroom-reference","AddClass_d3","AddClass","cid","","true"
"classroom-reference","AddClass_dg","AddClass","cid","","true"
"classroom-reference","AddClass_dc","AddClass","cid","","true"
"classroom-reference","AddCourse_d2","AddCourse","cid","","true"
"classroom-reference","AddCourse_d3","AddCourse","cid","","true"
"classroom-reference","AddCourse_dg","AddCourse","cid","","true"
"classroom-reference","AddCourse_dc","AddCourse","cid","","true"
"classroom-reference","ClassTimetable_d2","ClassTimetable","cls","","true"
"classroom-reference","ClassTimetable_d3","ClassTimetable","cls","","true"
"classroom-reference","ClassTimetable_dg","ClassTimetable","cls","","true"
"classroom-reference","ClassTimetable_dc","ClassTimetable","cls","","true"
"classroom-reference","RecordScore_d2","RecordScore","sid","","true"
"classroom-reference","RecordScore_d3","RecordScore","sid","","true"
"classroom-reference","RecordScore_dg","RecordScore","sid","","true"
"classroom-reference","RecordScore_dc","RecordScore","sid","","true"
"classroom-reference","CourseStatistics_d2","CourseStatistics","c","","true"
"classroom-reference","CourseStatistics_d3","CourseStatistics","c","","true"
"classroom-reference","CourseStatistics_dg","CourseStatistics","c","","true"
"classroom-reference","CourseStatistics_dc","CourseStatistics","c","","true"
"classroom-reference","AssignHomework_d2","AssignHomework","aid","","true"
"classroom-reference","AssignHomework_d3","AssignHomework","aid","","true"
"classroom-reference","AssignHomework_dg","AssignHomework","aid","","true"
"classroom-reference","AssignHomework_dc","AssignHomework","aid","","true"
"classroom-reference","SubmitHomework_d2","SubmitHomework","aid","","true"
"classroom-reference","SubmitHomework_d3","SubmitHomework","aid","","true"
"classroom-reference","SubmitHomework_dg","SubmitHomework","aid","","true"
"classroom-reference","SubmitHomework_dc","SubmitHomework","aid","","true"
"classroom-reference","GradeHomework_d2","GradeHomework","aid","","true"
"classroom-reference","GradeHomework_d3","GradeHomework","aid","","true"
"classroom-reference","GradeHomework_dg","GradeHomework","aid","","true"
"classroom-reference","GradeHomework_dc","GradeHomework","aid","","true"
"classroom-reference","ViewSubmissions_d2","ViewSubmissions","aid","","true"
"classroom-reference","ViewSubmissions_d3","ViewSubmissions","aid","","true"
"classroom-reference","ViewSubmissions_dg","ViewSubmissions","aid","","true"
"classroom-reference","ViewSubmissions_dc","ViewSubmissions","aid","","true"
"delivery-reference","PlaceOrder_d2","PlaceOrder","cid","","true"
"delivery-reference","PlaceOrder_d3","PlaceOrder","cid","","true"
"delivery-reference","PlaceOrder_dg","PlaceOrder","cid","","true"
"delivery-reference","PlaceOrder_dc","PlaceOrder","cid","","true"
"delivery-reference","PayOrder_d2","PayOrder","cid","","true"
"delivery-reference","PayOrder_d3","PayOrder","cid","","true"
"delivery-reference","PayOrder_dg","PayOrder","cid","","true"
"delivery-reference","PayOrder_dc","PayOrder","cid","","true"
"delivery-reference","ConfirmReceipt_d2","ConfirmReceipt","cid","","true"
"delivery-reference","ConfirmReceipt_d3","ConfirmReceipt","cid","","true"
"delivery-reference","ConfirmReceipt_dg","ConfirmReceipt","cid","","true"
"delivery-reference","ConfirmReceipt_dc","ConfirmReceipt","cid","","true"
"delivery-reference","AutoComplete_d2","AutoComplete","now","","true"
"delivery-reference","AutoComplete_d3","AutoComplete","now","","true"
"delivery-reference","AutoComplete_dg","AutoComplete","now","","true"
"delivery-reference","AutoComplete_dc","AutoComplete","now","","true"
"delivery-reference","AcceptOrder_d2","AcceptOrder","mid","","true"
"delivery-reference","AcceptOrder_d3","AcceptOrder","mid","","true"
"delivery-reference","AcceptOrder_dg","AcceptOrder","mid","","true"
"delivery-reference","AcceptOrder_dc","AcceptOrder","mid","","true"
"delivery-reference","RejectOrder_d2","RejectOrder","mid","","true"
"delivery-reference","RejectOrder_d3","RejectOrder","mid","","true"
"delivery-reference","RejectOrder_dg","RejectOrder","mid","","true"
"delivery-reference","RejectOrder_dc","RejectOrder","mid","","true"
"delivery-reference","MarkReady_d2","MarkReady","mid","","true"
"delivery-reference","MarkReady_d3","MarkReady","mid","","true"
"delivery-reference","MarkReady_dg","MarkReady","mid","","true"
"delivery-reference","MarkReady_dc","MarkReady","mid","","true"
"delivery-reference","GrabOrder_d2","GrabOrder","rid","","true"
"delivery-reference","GrabOrder_d3","GrabOrder","rid","","true"
"delivery-reference","GrabOrder_dg","GrabOrder","rid","","true"
"delivery-reference","GrabOrder_dc","GrabOrder","rid","","true"
"delivery-reference","ConfirmDelivered_d2","ConfirmDelivered","rid","","true"
"delivery-reference","ConfirmDelivered_d3","ConfirmDelivered","rid","","true"
"delivery-reference","ConfirmDelivered_dg","ConfirmDelivered","rid","","true"
"delivery-reference","ConfirmDelivered_dc","ConfirmDelivered","rid","","true"
