id,spec,process,kind,operator,class,location,expected,parseOk,parser,L1,L2,groundTruthViolated,typeMatch,outcome,falsePositives,mutant
"classroom-A1-01","classroom-reference","SubmitHomework_d3","derived","A1","A","T1: aid < 10 -> <=","L2","true","ASFL_FSF_003(w)","","ASFL_FSF_201","true","","detected","","mutants/classroom-A1-01.asfl"
"classroom-A1-02","classroom-reference","CourseStatistics_d3","derived","A1","A","T3: c > 20 -> >=","L2","true","ASFL_FSF_003(w)","","ASFL_FSF_201","true","","detected","","mutants/classroom-A1-02.asfl"
"classroom-A1-03","classroom-reference","ViewSubmissions_d3","derived","A1","A","T3: aid > 20 -> >=","L2","true","ASFL_FSF_003(w)","","ASFL_FSF_201","true","","detected","","mutants/classroom-A1-03.asfl"
"classroom-A1-04","classroom-reference","ClassTimetable_dc","derived","A1","A","T2: cls > 10 -> >=","L2","true","","","ASFL_FSF_209(w) ASFL_FSF_201","true","","detected","","mutants/classroom-A1-04.asfl"
"classroom-A1-05","classroom-reference","RecordScore_d2","derived","A1","A","T2: sid > 10 -> >=","L2","true","ASFL_FSF_003(w)","","ASFL_FSF_201","true","","detected","","mutants/classroom-A1-05.asfl"
"classroom-A1-06","classroom-reference","AddCourse_d2","derived","A1","A","T2: cid > 10 -> >=","L2","true","ASFL_FSF_003(w)","","ASFL_FSF_201","true","","detected","","mutants/classroom-A1-06.asfl"
"classroom-A1-07","classroom-reference","ViewSubmissions_d2","derived","A1","A","T2: aid > 10 -> >=","L2","true","ASFL_FSF_003(w)","","ASFL_FSF_201","true","","detected","","mutants/classroom-A1-07.asfl"
"classroom-A1-08","classroom-reference","RecordScore_d3","derived","A1","A","T1: sid < 10 -> <=","L2","true","ASFL_FSF_003(w)","","ASFL_FSF_201","true","","detected","","mutants/classroom-A1-08.asfl"
"classroom-A2-01","classroom-reference","UpdateStudent_d3","derived","A2","A","T2: drop conjunct 'sid >= 10'","L2","true","ASFL_FSF_003(w)","","ASFL_FSF_201","true","","detected","","mutants/classroom-A2-01.asfl"
"classroom-A2-02","classroom-reference","ViewSubmissions_d3","derived","A2","A","T2: drop conjunct 'aid >= 10'","L2","true","ASFL_FSF_003(w)","","ASFL_FSF_201","true","","detected","","mutants/classroom-A2-02.asfl"
"classroom-A2-03","classroom-reference","AddStudent_d3","derived","A2","A","T2: drop conjunct 'sid >= 10'","L2","true","ASFL_FSF_003(w)","","ASFL_FSF_201","true","","detected","","mutants/classroom-A2-03.asfl"
"classroom-A2-04","classroom-reference","AssignHomework_d3","derived","A2","A","T2: drop conjunct 'aid >= 10'","L2","true","ASFL_FSF_003(w)","","ASFL_FSF_201","true","","detected","","mutants/classroom-A2-04.asfl"
"classroom-A2-05","classroom-reference","CheckAccess_d3","derived","A2","A","T2: drop conjunct 'c <= 20'","L2","true","ASFL_FSF_003(w)","","ASFL_FSF_201","true","","detected","","mutants/classroom-A2-05.asfl"
"classroom-A2-06","classroom-reference","AssignHomework_d3","derived","A2","A","T2: drop conjunct 'aid <= 20'","L2","true","ASFL_FSF_003(w)","","ASFL_FSF_201","true","","detected","","mutants/classroom-A2-06.asfl"
"classroom-A2-07","classroom-reference","ClassTimetable_d3","derived","A2","A","T2: drop conjunct 'cls <= 20'","L2","true","ASFL_FSF_003(w)","","ASFL_FSF_201","true","","detected","","mutants/classroom-A2-07.asfl"
"classroom-A2-08","classroom-reference","CheckAccess_d3","derived","A2","A","T2: drop conjunct 'c >= 10'","L2","true","ASFL_FSF_003(w)","","ASFL_FSF_201","true","","detected","","mutants/classroom-A2-08.asfl"
"classroom-A3-01","classroom-reference","AddStudent_dc","derived","A3","A","duplicate T1 as new scenario with D of last scenario","L2","true","","","ASFL_FSF_209(w) ASFL_FSF_201","true","","detected","","mutants/classroom-A3-01.asfl"
"classroom-A3-02","classroom-reference","ClassTimetable_dc","derived","A3","A","duplicate T1 as new scenario with D of last scenario","L2","true","","","ASFL_FSF_209(w) ASFL_FSF_201","true","","detected","","mutants/classroom-A3-02.asfl"
"classroom-A3-03","classroom-reference","SubmitHomework_d3","derived","A3","A","duplicate T1 as new scenario with D of last scenario","L2","true","ASFL_FSF_003(w)","","ASFL_FSF_201","true","","detected","","mutants/classroom-A3-03.asfl"
"classroom-A3-04","classroom-reference","UpdateStudent_d3","derived","A3","A","duplicate T1 as new scenario with D of last scenario","L2","true","ASFL_FSF_003(w)","","ASFL_FSF_201","true","","detected","","mutants/classroom-A3-04.asfl"
"classroom-A3-05","classroom-reference","SubmitHomework_d2","derived","A3","A","duplicate T1 as new scenario with D of last scenario","L2","true","ASFL_FSF_003(w)","","ASFL_FSF_201","true","","detected","","mutants/classroom-A3-05.asfl"
"classroom-A3-06","classroom-reference","UpdateStudent_d2","derived","A3","A","duplicate T1 as new scenario with D of last scenario","L2","true","ASFL_FSF_003(w)","","ASFL_FSF_201","true","","detected","","mutants/classroom-A3-06.asfl"
"classroom-A3-07","classroom-reference","AddClass_d2","derived","A3","A","duplicate T1 as new scenario with D of last scenario","L2","true","ASFL_FSF_003(w)","","ASFL_FSF_201","true","","detected","","mutants/classroom-A3-07.asfl"
"classroom-A3-08","classroom-reference","AddStudent_dg","derived","A3","A","duplicate T1 as new scenario with D of last scenario","L2","true","","","ASFL_FSF_209(w) ASFL_FSF_201","true","","detected","","mutants/classroom-A3-08.asfl"
"classroom-B1-01","classroom-reference","ClassTimetable_dc","derived","B1","B","remove others branch","L2","true","ASFL_FSF_003(w)","","","false","","equivalent","","mutants/classroom-B1-01.asfl"
"classroom-B1-02","classroom-reference","SubmitHomework_dg","derived","B1","B","remove others branch","L2","true","ASFL_FSF_003(w)","","ASFL_FSF_202","true","","detected","","mutants/classroom-B1-02.asfl"
"classroom-B1-03","classroom-reference","AssignHomework_dg","derived","B1","B","remove others branch","L2","true","ASFL_FSF_003(w)","","ASFL_FSF_202","true","","detected","","mutants/classroom-B1-03.asfl"
"classroom-B1-04","classroom-reference","ViewSubmissions_dc","derived","B1","B","remove others branch","L2","true","ASFL_FSF_003(w)","","","false","","equivalent","","mutants/classroom-B1-04.asfl"
"classroom-B1-05","classroom-reference","DeleteStudent_dg","derived","B1","B","remove others branch","L2","true","ASFL_FSF_003(w)","","ASFL_FSF_202","true","","detected","","mutants/classroom-B1-05.asfl"
"classroom-B1-06","classroom-reference","AddStudent_dc","derived","B1","B","remove others branch","L2","true","ASFL_FSF_003(w)","","","false","","equivalent","","mutants/classroom-B1-06.asfl"
"classroom-B1-07","classroom-reference","AddCourse_dc","derived","B1","B","remove others branch","L2","true","ASFL_FSF_003(w)","","","false","","equivalent","","mutants/classroom-B1-07.asfl"
"classroom-B1-08","classroom-reference","CourseStatistics_dg","derived","B1","B","remove others branch","L2","true","ASFL_FSF_003(w)","","ASFL_FSF_202","true","","detected","","mutants/classroom-B1-08.asfl"
"classroom-B2-01","classroom-reference","AddCourse_d3","derived","B2","B","remove scenario 2","L2","true","ASFL_FSF_003(w)","","ASFL_FSF_202","true","","detected","","mutants/classroom-B2-01.asfl"
"classroom-B2-02","classroom-reference","AddStudent_d3","derived","B2","B","remove scenario 2","L2","true","ASFL_FSF_003(w)","","ASFL_FSF_202","true","","detected","","mutants/classroom-B2-02.asfl"
"classroom-B2-03","classroom-reference","AssignHomework_d3","derived","B2","B","remove scenario 3","L2","true","ASFL_FSF_003(w)","","ASFL_FSF_202","true","","detected","","mutants/classroom-B2-03.asfl"
"classroom-B2-04","classroom-reference","GradeHomework_d3","derived","B2","B","remove scenario 1","L2","true","ASFL_FSF_003(w)","","ASFL_FSF_202","true","","detected","","mutants/classroom-B2-04.asfl"
"classroom-B2-05","classroom-reference","ClassTimetable_d3","derived","B2","B","remove scenario 1","L2","true","ASFL_FSF_003(w)","","ASFL_FSF_202","true","","detected","","mutants/classroom-B2-05.asfl"
"classroom-B2-06","classroom-reference","AssignHomework_d3","derived","B2","B","remove scenario 1","L2","true","ASFL_FSF_003(w)","","ASFL_FSF_202","true","","detected","","mutants/classroom-B2-06.asfl"
"classroom-B2-07","classroom-reference","CourseStatistics_d3","derived","B2","B","remove scenario 1","L2","true","ASFL_FSF_003(w)","","ASFL_FSF_202","true","","detected","","mutants/classroom-B2-07.asfl"
"classroom-B2-08","classroom-reference","CheckAccess_d3","derived","B2","B","remove scenario 1","L2","true","ASFL_FSF_003(w)","","ASFL_FSF_202","true","","detected","","mutants/classroom-B2-08.asfl"
"classroom-B3-01","classroom-reference","DeleteStudent_d3","derived","B3","B","T2: sid <= 20 -> <","L2","true","ASFL_FSF_003(w)","","ASFL_FSF_202","true","","detected","","mutants/classroom-B3-01.asfl"
"classroom-B3-02","classroom-reference","RecordScore_d2","derived","B3","B","T1: sid <= 10 -> <","L2","true","ASFL_FSF_003(w)","","ASFL_FSF_202","true","","detected","","mutants/classroom-B3-02.asfl"
"classroom-B3-03","classroom-reference","ClassTimetable_d3","derived","B3","B","T2: cls <= 20 -> <","L2","true","ASFL_FSF_003(w)","","ASFL_FSF_202","true","","detected","","mutants/classroom-B3-03.asfl"
"classroom-B3-04","classroom-reference","SubmitHomework_d3","derived","B3","B","T2: aid <= 20 -> <","L2","true","ASFL_FSF_003(w)","","ASFL_FSF_202","true","","detected","","mutants/classroom-B3-04.asfl"
"classroom-B3-05","classroom-reference","DeleteStudent_d3","derived","B3","B","T2: sid >= 10 -> >","L2","true","ASFL_FSF_003(w)","","ASFL_FSF_202","true","","detected","","mutants/classroom-B3-05.asfl"
"classroom-B3-06","classroom-reference","UpdateStudent_d3","derived","B3","B","T2: sid >= 10 -> >","L2","true","ASFL_FSF_003(w)","","ASFL_FSF_202","true","","detected","","mutants/classroom-B3-06.asfl"
"classroom-B3-07","classroom-reference","SubmitHomework_d3","derived","B3","B","T2: aid >= 10 -> >","L2","true","ASFL_FSF_003(w)","","ASFL_FSF_202","true","","detected","","mutants/classroom-B3-07.asfl"
"classroom-B3-08","classroom-reference","UpdateStudent_d2","derived","B3","B","T1: sid <= 10 -> <","L2","true","ASFL_FSF_003(w)","","ASFL_FSF_202","true","","detected","","mutants/classroom-B3-08.asfl"
"classroom-C1-01","classroom-reference","CourseStatistics_dc","derived","C1","C","T1 line 649: input 'c' -> output 'has'","L1","true","","ASFL_FSF_101","ASFL_FSF_207(w)","","false","detected","","mutants/classroom-C1-01.asfl"
"classroom-C1-02","classroom-reference","ViewSubmissions_d2","derived","C1","C","T1 line 824: input 'aid' -> output 'found'","L1","true","ASFL_FSF_003(w)","ASFL_FSF_101","ASFL_FSF_207(w)","","false","detected","","mutants/classroom-C1-02.asfl"
"classroom-C1-03","classroom-reference","AddCourse_dg","derived","C1","C","T1 line 445: input 'cid' -> output 'ok'","L1","true","","ASFL_FSF_101","ASFL_FSF_207(w)","","false","detected","","mutants/classroom-C1-03.asfl"
"classroom-C1-04","classroom-reference","QueryStudent_dg","derived","C1","C","T1 line 352: input 'sid' -> output 'found'","L1","true","","ASFL_FSF_101","ASFL_FSF_207(w)","","false","detected","","mutants/classroom-C1-04.asfl"
"classroom-C1-05","classroom-reference","SubmitHomework_dc","derived","C1","C","T1 line 752: input 'aid' -> output 'ok'","L1","true","","ASFL_FSF_101","ASFL_FSF_207(w)","","false","detected","","mutants/classroom-C1-05.asfl"
"classroom-C1-06","classroom-reference","AddStudent_dc","derived","C1","C","T1 line 235: input 'sid' -> output 'ok'","L1","true","","ASFL_FSF_101","ASFL_FSF_207(w)","","false","detected","","mutants/classroom-C1-06.asfl"
"classroom-C1-07","classroom-reference","AddStudent","original","C1","C","T1 line 200: input 'op' -> output 'ok'","L1","true","","ASFL_FSF_101","ASFL_FSF_207(w)","","false","detected","","mutants/classroom-C1-07.asfl"
"classroom-C1-08","classroom-reference","DeleteStudent","original","C1","C","T1 line 287: input 'op' -> output 'ok'","L1","true","","ASFL_FSF_101","ASFL_FSF_207(w)","","false","detected","","mutants/classroom-C1-08.asfl"
"classroom-C2-01","classroom-reference","AddCourse_d3","derived","C2","C","D1: 3 output/wr refs (courses,timetable,ok) -> input 'op'","L1","true","ASFL_FSF_003(w)","","","","","missed","","mutants/classroom-C2-01.asfl"
"classroom-C2-02","classroom-reference","AddCourse_d2","derived","C2","C","D1: 3 output/wr refs (courses,timetable,ok) -> input 'op'","L1","true","ASFL_FSF_003(w)","","","","","missed","","mutants/classroom-C2-02.asfl"
"classroom-C2-03","classroom-reference","RecordScore_dc","derived","C2","C","D1: 2 output/wr refs (scores,ok) -> input 'op'","L1","true","","","ASFL_FSF_209(w)","","","missed","","mutants/classroom-C2-03.asfl"
"classroom-C2-04","classroom-reference","AddClass_dg","derived","C2","C","D1: 2 output/wr refs (classes,ok) -> input 'op'","L1","true","","","ASFL_FSF_209(w)","","","missed","","mutants/classroom-C2-04.asfl"
"classroom-C2-05","classroom-reference","UpdateStudent_d3","derived","C2","C","D1: 2 output/wr refs (students,ok) -> input 'op'","L1","true","ASFL_FSF_003(w)","","","","","missed","","mutants/classroom-C2-05.asfl"
"classroom-C2-06","classroom-reference","TeacherTimetable","original","C2","C","D1: 1 output/wr refs (tt) -> input 'u'","L1","true","ASFL_FSF_003(w)","ASFL_FSF_102","ASFL_FSF_207(w)","","","detected","","mutants/classroom-C2-06.asfl"
"classroom-C2-07","classroom-reference","AssignHomework","original","C2","C","D1: 2 output/wr refs (assignments,ok) -> input 'op'","L1","true","","","ASFL_FSF_209(w)","","","missed","","mutants/classroom-C2-07.asfl"
"classroom-C2-08","classroom-reference","DeleteStudent_d2","derived","C2","C","D1: 2 output/wr refs (students,ok) -> input 'op'","L1","true","ASFL_FSF_003(w)","","","","","missed","","mutants/classroom-C2-08.asfl"
"classroom-C3-01","classroom-reference","GradeHomework_dc","derived","C3","C","T1 line 806: 'aid' -> '~aid'","L1","true","","","ASFL_FSF_209(w) ASFL_FSF_201","","","detected-by-other-layer","","mutants/classroom-C3-01.asfl"
"classroom-C3-02","classroom-reference","AddStudent","original","C3","C","T1 line 200: 'op' -> '~op'","L1","true","","","ASFL_FSF_209(w)","","","missed","","mutants/classroom-C3-02.asfl"
"classroom-C3-03","classroom-reference","AddCourse_dg","derived","C3","C","T1 line 445: 'cid' -> '~cid'","L1","true","","","ASFL_FSF_209(w) ASFL_FSF_201","","","detected-by-other-layer","","mutants/classroom-C3-03.asfl"
"classroom-C3-04","classroom-reference","UpdateStudent_dc","derived","C3","C","T1 line 278: 'sid' -> '~sid'","L1","true","","","ASFL_FSF_209(w) ASFL_FSF_201","","","detected-by-other-layer","","mutants/classroom-C3-04.asfl"
"classroom-C3-05","classroom-reference","AddTeacher","original","C3","C","T1 line 148: 'u' -> '~u'","L1","true","","","ASFL_FSF_209(w)","","","missed","","mutants/classroom-C3-05.asfl"
"classroom-C3-06","classroom-reference","CheckAccess_dg","derived","C3","C","T1 line 182: 'c' -> '~c'","L1","true","","","ASFL_FSF_209(w) ASFL_FSF_201","","","detected-by-other-layer","","mutants/classroom-C3-06.asfl"
"classroom-C3-07","classroom-reference","SubmitHomework_dg","derived","C3","C","T1 line 741: 'aid' -> '~aid'","L1","true","","","ASFL_FSF_209(w) ASFL_FSF_201","","","detected-by-other-layer","","mutants/classroom-C3-07.asfl"
"classroom-C3-08","classroom-reference","CourseStatistics_d3","derived","C3","C","T1 line 619: 'c' -> '~c'","L1","true","ASFL_FSF_003(w)","","ASFL_FSF_201 ASFL_FSF_201 ASFL_FSF_202","","","detected-by-other-layer","","mutants/classroom-C3-08.asfl"
"classroom-C4-01","classroom-reference","QueryAttendance","original","C4","C","D1 line 537: 'rs' -> 'undeclared_rs'","L1","true","ASFL_SCOPE_001 ASFL_FSF_003(w)","ASFL_FSF_102","ASFL_FSF_207(w)","","","detected","","mutants/classroom-C4-01.asfl"
"classroom-C4-02","classroom-reference","SubmitHomework_dg","derived","C4","C","D1 line 741: 'assignments' -> 'undeclared_assignments'","L1","true","ASFL_SCOPE_001","","ASFL_FSF_209(w)","","","detected-by-other-layer","","mutants/classroom-C4-02.asfl"
"classroom-C4-03","classroom-reference","CourseStatistics_dc","derived","C4","C","D1 line 649: 'has' -> 'undeclared_has'","L1","true","ASFL_SCOPE_001","","ASFL_FSF_209(w)","","","detected-by-other-layer","","mutants/classroom-C4-03.asfl"
"classroom-C4-04","classroom-reference","RecordScore_d2","derived","C4","C","D1 line 558: 'scores' -> 'undeclared_scores'","L1","true","ASFL_SCOPE_001 ASFL_FSF_003(w)","","","","","detected-by-other-layer","","mutants/classroom-C4-04.asfl"
"classroom-C4-05","classroom-reference","AddClass_dc","derived","C4","C","D1 line 404: 'classes' -> 'undeclared_classes'","L1","true","ASFL_SCOPE_001","","ASFL_FSF_209(w)","","","detected-by-other-layer","","mutants/classroom-C4-05.asfl"
"classroom-C4-06","classroom-reference","RecordScore_dg","derived","C4","C","D1 line 574: 'scores' -> 'undeclared_scores'","L1","true","ASFL_SCOPE_001","","ASFL_FSF_209(w)","","","detected-by-other-layer","","mutants/classroom-C4-06.asfl"
"classroom-C4-07","classroom-reference","GradeHomework_dg","derived","C4","C","D1 line 795: 'assignments' -> 'undeclared_assignments'","L1","true","ASFL_SCOPE_001","","ASFL_FSF_209(w)","","","detected-by-other-layer","","mutants/classroom-C4-07.asfl"
"classroom-C4-08","classroom-reference","QueryStudent_d3","derived","C4","C","D1 line 343: 'found' -> 'undeclared_found'","L1","true","ASFL_SCOPE_001 ASFL_FSF_003(w)","","","","","detected-by-other-layer","","mutants/classroom-C4-08.asfl"
"delivery-A1-09","delivery-reference","ConfirmReceipt_dc","derived","A1","A","T2: cid > 10 -> >=","L2","true","","","ASFL_FSF_209(w) ASFL_FSF_201","true","","detected","","mutants/delivery-A1-09.asfl"
"delivery-A1-10","delivery-reference","RejectOrder_d2","derived","A1","A","T2: mid > 10 -> >=","L2","true","ASFL_FSF_003(w)","","ASFL_FSF_201","true","","detected","","mutants/delivery-A1-10.asfl"
"delivery-A1-11","delivery-reference","ConfirmReceipt_d2","derived","A1","A","T2: cid > 10 -> >=","L2","true","ASFL_FSF_003(w)","","ASFL_FSF_201","true","","detected","","mutants/delivery-A1-11.asfl"
"delivery-A1-12","delivery-reference","ConfirmReceipt_d3","derived","A1","A","T3: cid > 20 -> >=","L2","true","ASFL_FSF_003(w)","","ASFL_FSF_201","true","","detected","","mutants/delivery-A1-12.asfl"
"delivery-A1-13","delivery-reference","PayOrder_dc","derived","A1","A","T2: cid > 10 -> >=","L2","true","","","ASFL_FSF_209(w) ASFL_FSF_201","true","","detected","","mutants/delivery-A1-13.asfl"
"delivery-A1-14","delivery-reference","ConfirmDelivered_dc","derived","A1","A","T2: rid > 10 -> >=","L2","true","","","ASFL_FSF_209(w) ASFL_FSF_201","true","","detected","","mutants/delivery-A1-14.asfl"
"delivery-A1-15","delivery-reference","ConfirmDelivered_d3","derived","A1","A","T1: rid < 10 -> <=","L2","true","ASFL_FSF_003(w)","","ASFL_FSF_201","true","","detected","","mutants/delivery-A1-15.asfl"
"delivery-A1-16","delivery-reference","PayOrder_d3","derived","A1","A","T3: cid > 20 -> >=","L2","true","ASFL_FSF_003(w)","","ASFL_FSF_201","true","","detected","","mutants/delivery-A1-16.asfl"
"delivery-A2-09","delivery-reference","PayOrder_d3","derived","A2","A","T2: drop conjunct 'cid <= 20'","L2","true","ASFL_FSF_003(w)","","ASFL_FSF_201","true","","detected","","mutants/delivery-A2-09.asfl"
"delivery-A2-10","delivery-reference","AcceptOrder_d3","derived","A2","A","T2: drop conjunct 'mid <= 20'","L2","true","ASFL_FSF_003(w)","","ASFL_FSF_201","true","","detected","","mutants/delivery-A2-10.asfl"
"delivery-A2-11","delivery-reference","ConfirmDelivered_d3","derived","A2","A","T2: drop conjunct 'rid <= 20'","L2","true","ASFL_FSF_003(w)","","ASFL_FSF_201","true","","detected","","mutants/delivery-A2-11.asfl"
"delivery-A2-12","delivery-reference","GrabOrder_d3","derived","A2","A","T2: drop conjunct 'rid >= 10'","L2","true","ASFL_FSF_003(w)","","ASFL_FSF_201","true","","detected","","mutants/delivery-A2-12.asfl"
"delivery-A2-13","delivery-reference","PlaceOrder_d3","derived","A2","A","T2: drop conjunct 'cid <= 20'","L2","true","ASFL_FSF_003(w)","","ASFL_FSF_201","true","","detected","","mutants/delivery-A2-13.asfl"
"delivery-A2-14","delivery-reference","RejectOrder_d3","derived","A2","A","T2: drop conjunct 'mid >= 10'","L2","true","ASFL_FSF_003(w)","","ASFL_FSF_201","true","","detected","","mutants/delivery-A2-14.asfl"
"delivery-A2-15","delivery-reference","PlaceOrder_d3","derived","A2","A","T2: drop conjunct 'cid >= 10'","L2","true","ASFL_FSF_003(w)","","ASFL_FSF_201","true","","detected","","mutants/delivery-A2-15.asfl"
"delivery-A2-16","delivery-reference","MarkReady_d3","derived","A2","A","T2: drop conjunct 'mid <= 20'","L2","true","ASFL_FSF_003(w)","","ASFL_FSF_201","true","","detected","","mutants/delivery-A2-16.asfl"
"delivery-A3-09","delivery-reference","PayOrder_dg","derived","A3","A","duplicate T1 as new scenario with D of last scenario","L2","true","","","ASFL_FSF_209(w) ASFL_FSF_201","true","","detected","","mutants/delivery-A3-09.asfl"
"delivery-A3-10","delivery-reference","PayOrder_d2","derived","A3","A","duplicate T1 as new scenario with D of last scenario","L2","true","ASFL_FSF_003(w)","","ASFL_FSF_201","true","","detected","","mutants/delivery-A3-10.asfl"
"delivery-A3-11","delivery-reference","AutoComplete_d3","derived","A3","A","duplicate T1 as new scenario with D of last scenario","L2","true","ASFL_FSF_003(w)","","ASFL_FSF_201","true","","detected","","mutants/delivery-A3-11.asfl"
"delivery-A3-12","delivery-reference","ConfirmReceipt_dg","derived","A3","A","duplicate T1 as new scenario with D of last scenario","L2","true","","","ASFL_FSF_209(w) ASFL_FSF_201","true","","detected","","mutants/delivery-A3-12.asfl"
"delivery-A3-13","delivery-reference","AcceptOrder_dg","derived","A3","A","duplicate T1 as new scenario with D of last scenario","L2","true","","","ASFL_FSF_209(w) ASFL_FSF_201","true","","detected","","mutants/delivery-A3-13.asfl"
"delivery-A3-14","delivery-reference","MarkReady_dc","derived","A3","A","duplicate T1 as new scenario with D of last scenario","L2","true","","","ASFL_FSF_209(w) ASFL_FSF_201","true","","detected","","mutants/delivery-A3-14.asfl"
"delivery-A3-15","delivery-reference","PlaceOrder_dc","derived","A3","A","duplicate T1 as new scenario with D of last scenario","L2","true","","","ASFL_FSF_209(w) ASFL_FSF_201","true","","detected","","mutants/delivery-A3-15.asfl"
"delivery-A3-16","delivery-reference","GrabOrder_dg","derived","A3","A","duplicate T1 as new scenario with D of last scenario","L2","true","","","ASFL_FSF_209(w) ASFL_FSF_201","true","","detected","","mutants/delivery-A3-16.asfl"
"delivery-B1-09","delivery-reference","CancelOrder","original","B1","B","remove others branch","L2","true","ASFL_FSF_003(w)","","","","","L2 unknown/unsupported","","mutants/delivery-B1-09.asfl"
"delivery-B1-10","delivery-reference","GrabOrder_dg","derived","B1","B","remove others branch","L2","true","ASFL_FSF_003(w)","","ASFL_FSF_202","true","","detected","","mutants/delivery-B1-10.asfl"
"delivery-B1-11","delivery-reference","ConfirmDelivered_dg","derived","B1","B","remove others branch","L2","true","ASFL_FSF_003(w)","","ASFL_FSF_202","true","","detected","","mutants/delivery-B1-11.asfl"
"delivery-B1-12","delivery-reference","ConfirmDelivered_dc","derived","B1","B","remove others branch","L2","true","ASFL_FSF_003(w)","","","false","","equivalent","","mutants/delivery-B1-12.asfl"
"delivery-B1-13","delivery-reference","GrabOrder_dc","derived","B1","B","remove others branch","L2","true","ASFL_FSF_003(w)","","","false","","equivalent","","mutants/delivery-B1-13.asfl"
"delivery-B1-14","delivery-reference","MarkReady_dc","derived","B1","B","remove others branch","L2","true","ASFL_FSF_003(w)","","","false","","equivalent","","mutants/delivery-B1-14.asfl"
"delivery-B1-15","delivery-reference","PayOrder_dg","derived","B1","B","remove others branch","L2","true","ASFL_FSF_003(w)","","ASFL_FSF_202","true","","detected","","mutants/delivery-B1-15.asfl"
"delivery-B1-16","delivery-reference","AcceptOrder_dg","derived","B1","B","remove others branch","L2","true","ASFL_FSF_003(w)","","ASFL_FSF_202","true","","detected","","mutants/delivery-B1-16.asfl"
"delivery-B2-09","delivery-reference","ConfirmDelivered_d3","derived","B2","B","remove scenario 2","L2","true","ASFL_FSF_003(w)","","ASFL_FSF_202","true","","detected","","mutants/delivery-B2-09.asfl"
"delivery-B2-10","delivery-reference","RejectOrder_d3","derived","B2","B","remove scenario 1","L2","true","ASFL_FSF_003(w)","","ASFL_FSF_202","true","","detected","","mutants/delivery-B2-10.asfl"
"delivery-B2-11","delivery-reference","MarkReady_d3","derived","B2","B","remove scenario 2","L2","true","ASFL_FSF_003(w)","","ASFL_FSF_202","true","","detected","","mutants/delivery-B2-11.asfl"
"delivery-B2-12","delivery-reference","MarkReady_d3","derived","B2","B","remove scenario 1","L2","true","ASFL_FSF_003(w)","","ASFL_FSF_202","true","","detected","","mutants/delivery-B2-12.asfl"
"delivery-B2-13","delivery-reference","ConfirmDelivered_d3","derived","B2","B","remove scenario 1","L2","true","ASFL_FSF_003(w)","","ASFL_FSF_202","true","","detected","","mutants/delivery-B2-13.asfl"
"delivery-B2-14","delivery-reference","GrabOrder_d3","derived","B2","B","remove scenario 3","L2","true","ASFL_FSF_003(w)","","ASFL_FSF_202","true","","detected","","mutants/delivery-B2-14.asfl"
"delivery-B2-15","delivery-reference","ConfirmDelivered_d3","derived","B2","B","remove scenario 3","L2","true","ASFL_FSF_003(w)","","ASFL_FSF_202","true","","detected","","mutants/delivery-B2-15.asfl"
"delivery-B2-16","delivery-reference","ConfirmReceipt_d3","derived","B2","B","remove scenario 1","L2","true","ASFL_FSF_003(w)","","ASFL_FSF_202","true","","detected","","mutants/delivery-B2-16.asfl"
"delivery-B3-09","delivery-reference","PayOrder_d3","derived","B3","B","T2: cid <= 20 -> <","L2","true","ASFL_FSF_003(w)","","ASFL_FSF_202","true","","detected","","mutants/delivery-B3-09.asfl"
"delivery-B3-10","delivery-reference","PlaceOrder_d3","derived","B3","B","T2: cid <= 20 -> <","L2","true","ASFL_FSF_003(w)","","ASFL_FSF_202","true","","detected","","mutants/delivery-B3-10.asfl"
"delivery-B3-11","delivery-reference","ConfirmReceipt_d3","derived","B3","B","T2: cid >= 10 -> >","L2","true","ASFL_FSF_003(w)","","ASFL_FSF_202","true","","detected","","mutants/delivery-B3-11.asfl"
"delivery-B3-12","delivery-reference","AcceptOrder_d3","derived","B3","B","T2: mid <= 20 -> <","L2","true","ASFL_FSF_003(w)","","ASFL_FSF_202","true","","detected","","mutants/delivery-B3-12.asfl"
"delivery-B3-13","delivery-reference","AutoComplete_d3","derived","B3","B","T2: now <= 20 -> <","L2","true","ASFL_FSF_003(w)","","ASFL_FSF_202","true","","detected","","mutants/delivery-B3-13.asfl"
"delivery-B3-14","delivery-reference","PlaceOrder_d2","derived","B3","B","T1: cid <= 10 -> <","L2","true","ASFL_FSF_003(w)","","ASFL_FSF_202","true","","detected","","mutants/delivery-B3-14.asfl"
"delivery-B3-15","delivery-reference","AcceptOrder_d2","derived","B3","B","T1: mid <= 10 -> <","L2","true","ASFL_FSF_003(w)","","ASFL_FSF_202","true","","detected","","mutants/delivery-B3-15.asfl"
"delivery-B3-16","delivery-reference","MarkReady_d3","derived","B3","B","T2: mid <= 20 -> <","L2","true","ASFL_FSF_003(w)","","ASFL_FSF_202","true","","detected","","mutants/delivery-B3-16.asfl"
"delivery-C1-09","delivery-reference","ConfirmDelivered","original","C1","C","T1 line 541: input 'oid' -> output 'ok'","L1","true","","ASFL_FSF_101","ASFL_FSF_207(w)","","false","detected","","mutants/delivery-C1-09.asfl"
"delivery-C1-10","delivery-reference","AcceptOrder","original","C1","C","T1 line 345: input 'oid' -> output 'ok'","L1","true","","ASFL_FSF_101","ASFL_FSF_207(w)","","false","detected","","mutants/delivery-C1-10.asfl"
"delivery-C1-11","delivery-reference","GrabOrder_dg","derived","C1","C","T1 line 517: input 'rid' -> output 'ok'","L1","true","","ASFL_FSF_101","ASFL_FSF_207(w)","","false","detected","","mutants/delivery-C1-11.asfl"
"delivery-C1-12","delivery-reference","ConfirmReceipt_dg","derived","C1","C","T1 line 263: input 'cid' -> output 'ok'","L1","true","","ASFL_FSF_101","ASFL_FSF_207(w)","","false","detected","","mutants/delivery-C1-12.asfl"
"delivery-C1-13","delivery-reference","AutoComplete_d2","derived","C1","C","T1 line 289: input 'now' -> output 'done'","L1","true","ASFL_FSF_003(w)","ASFL_FSF_101","ASFL_FSF_207(w)","","false","detected","","mutants/delivery-C1-13.asfl"
"delivery-C1-14","delivery-reference","RejectOrder_d2","derived","C1","C","T1 line 398: input 'mid' -> output 'ok'","L1","true","ASFL_FSF_003(w)","ASFL_FSF_101","ASFL_FSF_207(w)","","false","detected","","mutants/delivery-C1-14.asfl"
"delivery-C1-15","delivery-reference","AutoComplete_dg","derived","C1","C","T1 line 315: input 'now' -> output 'done'","L1","true","","ASFL_FSF_101","ASFL_FSF_207(w)","","false","detected","","mutants/delivery-C1-15.asfl"
"delivery-C1-16","delivery-reference","PayOrder_d2","derived","C1","C","T1 line 182: input 'cid' -> output 'ok'","L1","true","ASFL_FSF_003(w)","ASFL_FSF_101","ASFL_FSF_207(w)","","false","detected","","mutants/delivery-C1-16.asfl"
"delivery-C2-09","delivery-reference","PlaceOrder_d3","derived","C2","C","D1: 2 output/wr refs (orders,ok) -> input 'cid'","L1","true","ASFL_FSF_003(w)","","","","","missed","","mutants/delivery-C2-09.asfl"
"delivery-C2-10","delivery-reference","GrabOrder_dg","derived","C2","C","D1: 4 output/wr refs (deliveries,riders,orders,ok) -> input 'rid'","L1","true","","","ASFL_FSF_209(w)","","","missed","","mutants/delivery-C2-10.asfl"
"delivery-C2-11","delivery-reference","MarkReady_d3","derived","C2","C","D1: 2 output/wr refs (orders,ok) -> input 'mid'","L1","true","ASFL_FSF_003(w)","","","","","missed","","mutants/delivery-C2-11.asfl"
"delivery-C2-12","delivery-reference","ConfirmReceipt_d2","derived","C2","C","D1: 2 output/wr refs (orders,ok) -> input 'cid'","L1","true","ASFL_FSF_003(w)","","","","","missed","","mutants/delivery-C2-12.asfl"
"delivery-C2-13","delivery-reference","AutoComplete","original","C2","C","D1: 2 output/wr refs (done,orders) -> input 'now'","L1","true","ASFL_FSF_003(w)","","","","","missed","","mutants/delivery-C2-13.asfl"
"delivery-C2-14","delivery-reference","AcceptOrder_d3","derived","C2","C","D1: 2 output/wr refs (orders,ok) -> input 'mid'","L1","true","ASFL_FSF_003(w)","","","","","missed","","mutants/delivery-C2-14.asfl"
"delivery-C2-15","delivery-reference","MarkReady_d2","derived","C2","C","D1: 2 output/wr refs (orders,ok) -> input 'mid'","L1","true","ASFL_FSF_003(w)","","","","","missed","","mutants/delivery-C2-15.asfl"
"delivery-C2-16","delivery-reference","ConfirmReceipt_dg","derived","C2","C","D1: 2 output/wr refs (orders,ok) -> input 'cid'","L1","true","","","ASFL_FSF_209(w)","","","missed","","mutants/delivery-C2-16.asfl"
"delivery-C3-09","delivery-reference","PlaceOrder_d2","derived","C3","C","T1 line 131: 'cid' -> '~cid'","L1","true","ASFL_FSF_003(w)","","ASFL_FSF_201 ASFL_FSF_202","","","detected-by-other-layer","","mutants/delivery-C3-09.asfl"
"delivery-C3-10","delivery-reference","AutoComplete_d2","derived","C3","C","T1 line 289: 'now' -> '~now'","L1","true","ASFL_FSF_003(w)","","ASFL_FSF_201 ASFL_FSF_202","","","detected-by-other-layer","","mutants/delivery-C3-10.asfl"
"delivery-C3-11","delivery-reference","MarkReady_d3","derived","C3","C","T1 line 455: 'mid' -> '~mid'","L1","true","ASFL_FSF_003(w)","","ASFL_FSF_201 ASFL_FSF_201 ASFL_FSF_202","","","detected-by-other-layer","","mutants/delivery-C3-11.asfl"
"delivery-C3-12","delivery-reference","AcceptOrder","original","C3","C","T1 line 346: 'oid' -> '~oid'","L1","true","","","ASFL_FSF_209(w)","","","missed","","mutants/delivery-C3-12.asfl"
"delivery-C3-13","delivery-reference","PayOrder","original","C3","C","T1 line 171: 'oid' -> '~oid'","L1","true","","","ASFL_FSF_209(w)","","","missed","","mutants/delivery-C3-13.asfl"
"delivery-C3-14","delivery-reference","GrabOrder_d2","derived","C3","C","T1 line 495: 'rid' -> '~rid'","L1","true","ASFL_FSF_003(w)","","ASFL_FSF_201 ASFL_FSF_202","","","detected-by-other-layer","","mutants/delivery-C3-14.asfl"
"delivery-C3-15","delivery-reference","AcceptOrder_d3","derived","C3","C","T1 line 361: 'mid' -> '~mid'","L1","true","ASFL_FSF_003(w)","","ASFL_FSF_201 ASFL_FSF_201 ASFL_FSF_202","","","detected-by-other-layer","","mutants/delivery-C3-15.asfl"
"delivery-C3-16","delivery-reference","ConfirmDelivered_d3","derived","C3","C","T1 line 563: 'rid' -> '~rid'","L1","true","ASFL_FSF_003(w)","","ASFL_FSF_201 ASFL_FSF_201 ASFL_FSF_202","","","detected-by-other-layer","","mutants/delivery-C3-16.asfl"
"delivery-C4-09","delivery-reference","RejectOrder_d3","derived","C4","C","D1 line 407: 'orders' -> 'undeclared_orders'","L1","true","ASFL_SCOPE_001 ASFL_FSF_003(w)","","","","","detected-by-other-layer","","mutants/delivery-C4-09.asfl"
"delivery-C4-10","delivery-reference","GrabOrder_dc","derived","C4","C","D1 line 529: 'deliveries' -> 'undeclared_deliveries'","L1","true","ASFL_SCOPE_001","","ASFL_FSF_209(w)","","","detected-by-other-layer","","mutants/delivery-C4-10.asfl"
"delivery-C4-11","delivery-reference","ConfirmDelivered","original","C4","C","D1 line 543: 'deliveries' -> 'undeclared_deliveries'","L1","true","ASFL_SCOPE_001","","ASFL_FSF_209(w)","","","detected-by-other-layer","","mutants/delivery-C4-11.asfl"
"delivery-C4-12","delivery-reference","ConfirmDelivered_dc","derived","C4","C","D1 line 587: 'deliveries' -> 'undeclared_deliveries'","L1","true","ASFL_SCOPE_001","","ASFL_FSF_209(w)","","","detected-by-other-layer","","mutants/delivery-C4-12.asfl"
"delivery-C4-13","delivery-reference","PlaceOrder_dc","derived","C4","C","D1 line 159: 'orders' -> 'undeclared_orders'","L1","true","ASFL_SCOPE_001","","ASFL_FSF_209(w)","","","detected-by-other-layer","","mutants/delivery-C4-13.asfl"
"delivery-C4-14","delivery-reference","GrabOrder_dg","derived","C4","C","D1 line 517: 'deliveries' -> 'undeclared_deliveries'","L1","true","ASFL_SCOPE_001","","ASFL_FSF_209(w)","","","detected-by-other-layer","","mutants/delivery-C4-14.asfl"
"delivery-C4-15","delivery-reference","ConfirmReceipt_d2","derived","C4","C","D1 line 247: 'orders' -> 'undeclared_orders'","L1","true","ASFL_SCOPE_001 ASFL_FSF_003(w)","","","","","detected-by-other-layer","","mutants/delivery-C4-15.asfl"
"delivery-C4-16","delivery-reference","GrabOrder","original","C4","C","D1 line 485: 'deliveries' -> 'undeclared_deliveries'","L1","true","ASFL_SCOPE_001","","ASFL_FSF_209(w)","","","detected-by-other-layer","","mutants/delivery-C4-16.asfl"
