spec,process,derived,errors,warnings
"classroom-reference","AddTeacher","false","",""
"classroom-reference","CheckAccess","false","",""
"classroom-reference","AddStudent","false","",""
"classroom-reference","UpdateStudent","false","",""
"classroom-reference","DeleteStudent","false","",""
"classroom-reference","QueryStudent","false","",""
"classroom-reference","AddClass","false","",""
"classroom-reference","AddCourse","false","",""
"classroom-reference","ClassTimetable","false","",""
"classroom-reference","TeacherTimetable","false","",""
"classroom-reference","RecordAttendance","false","",""
"classroom-reference","QueryAttendance","false","",""
"classroom-reference","RecordScore","false","",""
"classroom-reference","CourseStatistics","false","",""
"classroom-reference","AssignHomework","false","",""
"classroom-reference","SubmitHomework","false","",""
"classroom-reference","GradeHomework","false","",""
"classroom-reference","ViewSubmissions","false","",""
"classroom-reference","CheckAccess_d2","true","",""
"classroom-reference","CheckAccess_d3","true","",""
"classroom-reference","CheckAccess_dg","true","",""
"classroom-reference","CheckAccess_dc","true","",""
"classroom-reference","AddStudent_d2","true","",""
"classroom-reference","AddStudent_d3","true","",""
"classroom-reference","AddStudent_dg","true","",""
"classroom-reference","AddStudent_dc","true","",""
"classroom-reference","UpdateStudent_d2","true","",""
"classroom-reference","UpdateStudent_d3","true","",""
"classroom-reference","UpdateStudent_dg","true","",""
"classroom-reference","UpdateStudent_dc","true","",""
"classroom-reference","DeleteStudent_d2","true","",""
"classroom-reference","DeleteStudent_d3","true","",""
"classroom-reference","DeleteStudent_dg","true","",""
"classroom-reference","DeleteStudent_dc","true","",""
"classroom-reference","QueryStudent_d2","true","",""
"classroom-reference","QueryStudent_d3","true","",""
"classroom-reference","QueryStudent_dg","true","",""
"classroom-reference","QueryStudent_dc","true","",""
"classroom-reference","AddClass_d2","true","",""
"classroom-reference","AddClass_d3","true","",""
"classroom-reference","AddClass_dg","true","",""
"classroom-reference","AddClass_dc","true","",""
"classroom-reference","AddCourse_d2","true","",""
"classroom-reference","AddCourse_d3","true","",""
"classroom-reference","AddCourse_dg","true","",""
"classroom-reference","AddCourse_dc","true","",""
"classroom-reference","ClassTimetable_d2","true","",""
"classroom-reference","ClassTimetable_d3","true","",""
"classroom-reference","ClassTimetable_dg","true","",""
"classroom-reference","ClassTimetable_dc","true","",""
"classroom-reference","RecordScore_d2","true","",""
"classroom-reference","RecordScore_d3","true","",""
"classroom-reference","RecordScore_dg","true","",""
"classroom-reference","RecordScore_dc","true","",""
"classroom-reference","CourseStatistics_d2","true","",""
"classroom-reference","CourseStatistics_d3","true","",""
"classroom-reference","CourseStatistics_dg","true","",""
"classroom-reference","CourseStatistics_dc","true","",""
"classroom-reference","AssignHomework_d2","true","",""
"classroom-reference","AssignHomework_d3","true","",""
"classroom-reference","AssignHomework_dg","true","",""
"classroom-reference","AssignHomework_dc","true","",""
"classroom-reference","SubmitHomework_d2","true","",""
"classroom-reference","SubmitHomework_d3","true","",""
"classroom-reference","SubmitHomework_dg","true","",""
"classroom-reference","SubmitHomework_dc","true","",""
"classroom-reference","GradeHomework_d2","true","",""
"classroom-reference","GradeHomework_d3","true","",""
"classroom-reference","GradeHomework_dg","true","",""
"classroom-reference","GradeHomework_dc","true","",""
"classroom-reference","ViewSubmissions_d2","true","",""
"classroom-reference","ViewSubmissions_d3","true","",""
"classroom-reference","ViewSubmissions_dg","true","",""
"classroom-reference","ViewSubmissions_dc","true","",""
"delivery-reference","PlaceOrder","false","",""
"delivery-reference","PayOrder","false","",""
"delivery-reference","CancelOrder","false","",""
"delivery-reference","ConfirmReceipt","false","",""
"delivery-reference","AutoComplete","false","",""
"delivery-reference","AcceptOrder","false","",""
"delivery-reference","RejectOrder","false","",""
"delivery-reference","MarkReady","false","",""
"delivery-reference","GrabOrder","false","",""
"delivery-reference","ConfirmDelivered","false","",""
"delivery-reference","PlaceOrder_d2","true","",""
"delivery-reference","PlaceOrder_d3","true","",""
"delivery-reference","PlaceOrder_dg","true","",""
"delivery-reference","PlaceOrder_dc","true","",""
"delivery-reference","PayOrder_d2","true","",""
"delivery-reference","PayOrder_d3","true","",""
"delivery-reference","PayOrder_dg","true","",""
"delivery-reference","PayOrder_dc","true","",""
"delivery-reference","ConfirmReceipt_d2","true","",""
"delivery-reference","ConfirmReceipt_d3","true","",""
"delivery-reference","ConfirmReceipt_dg","true","",""
"delivery-reference","ConfirmReceipt_dc","true","",""
"delivery-reference","AutoComplete_d2","true","",""
"delivery-reference","AutoComplete_d3","true","",""
"delivery-reference","AutoComplete_dg","true","",""
"delivery-reference","AutoComplete_dc","true","",""
"delivery-reference","AcceptOrder_d2","true","",""
"delivery-reference","AcceptOrder_d3","true","",""
"delivery-reference","AcceptOrder_dg","true","",""
"delivery-reference","AcceptOrder_dc","true","",""
"delivery-reference","RejectOrder_d2","true","",""
"delivery-reference","RejectOrder_d3","true","",""
"delivery-reference","RejectOrder_dg","true","",""
"delivery-reference","RejectOrder_dc","true","",""
"delivery-reference","MarkReady_d2","true","",""
"delivery-reference","MarkReady_d3","true","",""
"delivery-reference","MarkReady_dg","true","",""
"delivery-reference","MarkReady_dc","true","",""
"delivery-reference","GrabOrder_d2","true","",""
"delivery-reference","GrabOrder_d3","true","",""
"delivery-reference","GrabOrder_dg","true","",""
"delivery-reference","GrabOrder_dc","true","",""
"delivery-reference","ConfirmDelivered_d2","true","",""
"delivery-reference","ConfirmDelivered_d3","true","",""
"delivery-reference","ConfirmDelivered_dg","true","",""
"delivery-reference","ConfirmDelivered_dc","true","",""
